{
  "mae": [
    1.6525824298597365,
    1.7424834787029113,
    1.479250978443721,
    1.9241123303975147,
    1.925335557493445
  ],
  "rmse": [
    1.8267840605183738,
    1.943176059580822,
    1.6967522660243908,
    2.1751440043247987,
    2.1888602006249296
  ]
}