{
  "mae": [
    0.449065639548106,
    0.7803378379508243,
    0.760292539204637,
    0.8855932888919363,
    0.9112206184700747
  ],
  "rmse": [
    0.5833374184557893,
    0.9458721724566711,
    0.9696296317076468,
    1.1215594101678774,
    1.159289976848716
  ]
}